{"0": [-0.1670206952861199, 0.3310127985264158], "1": [-0.22275386640913244, 0.1519648067052343], "2": [-0.09958154863343366, -0.002010357427193288], "3": [-0.3626120731900125, 0.16837812408736852], "4": [-0.07366463325279578, 0.6093342473202502], "5": [-0.09783623073731405, 0.7528439992259313], "6": [-0.19081307715431559, 0.7420481699028523], "7": [-0.33112232314260986, 0.0725071149631395], "8": [-0.003030726707957981, -0.107186154521831], "9": [0.0062590488994099976, -0.5517394574678974], "10": [0.04102234582615418, 0.6847387643913184], "11": [-0.4683688302424027, 0.5778926331097701], "12": [-0.6316747022919573, 0.2492950502776682], "13": [-0.1548312516151242, 0.038221917327924404], "14": [0.3079604401021895, -0.5952613348450122], "15": [-0.02556211768457548, -0.4752388013680006], "16": [-0.13517926321312135, 1.0], "17": [-0.34848121670103804, 0.5262792934545487], "18": [0.2857274834029162, -0.7263604316853236], "19": [0.040608994684342106, 0.20040976941158628], "20": [0.1172367836052275, -0.7207909663114362], "21": [-0.4650947247198945, 0.35791132090451605], "22": [-0.07403563224643046, -0.6031144910653259], "23": [0.34127717166217086, -0.30745883750821984], "24": [0.5803668011748768, -0.10122772204642172], "25": [0.4418472688777335, -0.12438182679425697], "26": [0.5411123358143977, -0.3140873625370659], "27": [0.3132608812453436, -0.1552673172798087], "28": [0.026505100913308738, -0.2068047266370745], "29": [0.40403219890689274, -0.4396631704461628], "30": [-0.09873391509342958, -0.24025777165155549], "31": [0.22368231007593067, -0.09112386859872203], "32": [0.14580089208204125, -0.3844864743435566], "33": [0.13369677104872904, -0.31637693707366116]}