{
  "degree": [
    {
      "0": 0.48484848484848486,
      "1": 0.2727272727272727,
      "2": 0.30303030303030304,
      "3": 0.18181818181818182,
      "4": 0.09090909090909091,
      "5": 0.12121212121212122,
      "6": 0.12121212121212122,
      "7": 0.12121212121212122,
      "8": 0.15151515151515152,
      "9": 0.06060606060606061,
      "10": 0.09090909090909091,
      "11": 0.030303030303030304,
      "12": 0.06060606060606061,
      "13": 0.15151515151515152,
      "14": 0.06060606060606061,
      "15": 0.06060606060606061,
      "16": 0.06060606060606061,
      "17": 0.06060606060606061,
      "18": 0.06060606060606061,
      "19": 0.09090909090909091,
      "20": 0.06060606060606061,
      "21": 0.06060606060606061,
      "22": 0.06060606060606061,
      "23": 0.15151515151515152,
      "24": 0.09090909090909091,
      "25": 0.09090909090909091,
      "26": 0.06060606060606061,
      "27": 0.12121212121212122,
      "28": 0.09090909090909091,
      "29": 0.12121212121212122,
      "30": 0.12121212121212122,
      "31": 0.18181818181818182,
      "32": 0.36363636363636365,
      "33": 0.5151515151515151
    },
    {
      "0": 0.9333333333333333,
      "1": 0.5333333333333333,
      "2": 0.3333333333333333,
      "3": 0.4,
      "4": 0.2,
      "5": 0.26666666666666666,
      "6": 0.26666666666666666,
      "7": 0.26666666666666666,
      "10": 0.2,
      "11": 0.06666666666666667,
      "12": 0.13333333333333333,
      "13": 0.26666666666666666,
      "16": 0.13333333333333333,
      "17": 0.13333333333333333,
      "19": 0.13333333333333333,
      "21": 0.13333333333333333,
      "8": 0.1764705882352941,
      "9": 0.058823529411764705,
      "14": 0.11764705882352941,
      "15": 0.11764705882352941,
      "18": 0.11764705882352941,
      "20": 0.11764705882352941,
      "22": 0.11764705882352941,
      "23": 0.29411764705882354,
      "24": 0.1764705882352941,
      "25": 0.1764705882352941,
      "26": 0.11764705882352941,
      "27": 0.1764705882352941,
      "28": 0.11764705882352941,
      "29": 0.23529411764705882,
      "30": 0.1764705882352941,
      "31": 0.29411764705882354,
      "32": 0.6470588235294118,
      "33": 0.8823529411764706
    },
    {
      "0": 1.0,
      "1": 0.8888888888888888,
      "2": 0.5555555555555556,
      "3": 0.6666666666666666,
      "7": 0.4444444444444444,
      "12": 0.2222222222222222,
      "13": 0.4444444444444444,
      "17": 0.2222222222222222,
      "19": 0.2222222222222222,
      "21": 0.2222222222222222,
      "4": 0.4,
      "5": 0.6000000000000001,
      "6": 0.6000000000000001,
      "10": 0.4,
      "11": 0.0,
      "16": 0.4,
      "8": 0.1764705882352941,
      "9": 0.058823529411764705,
      "14": 0.11764705882352941,
      "15": 0.11764705882352941,
      "18": 0.11764705882352941,
      "20": 0.11764705882352941,
      "22": 0.11764705882352941,
      "23": 0.29411764705882354,
      "24": 0.1764705882352941,
      "25": 0.1764705882352941,
      "26": 0.11764705882352941,
      "27": 0.1764705882352941,
      "28": 0.11764705882352941,
      "29": 0.23529411764705882,
      "30": 0.1764705882352941,
      "31": 0.29411764705882354,
      "32": 0.6470588235294118,
      "33": 0.8823529411764706
    },
    {
      "0": 1.0,
      "1": 0.8888888888888888,
      "2": 0.5555555555555556,
      "3": 0.6666666666666666,
      "7": 0.4444444444444444,
      "12": 0.2222222222222222,
      "13": 0.4444444444444444,
      "17": 0.2222222222222222,
      "19": 0.2222222222222222,
      "21": 0.2222222222222222,
      "4": 0.4,
      "5": 0.6000000000000001,
      "6": 0.6000000000000001,
      "10": 0.4,
      "11": 0.0,
      "16": 0.4,
      "24": 0.75,
      "25": 0.5,
      "27": 0.25,
      "28": 0.25,
      "31": 0.75,
      "32": 0.8333333333333333,
      "33": 1.0,
      "8": 0.25,
      "9": 0.08333333333333333,
      "14": 0.16666666666666666,
      "15": 0.16666666666666666,
      "18": 0.16666666666666666,
      "20": 0.16666666666666666,
      "22": 0.16666666666666666,
      "23": 0.25,
      "26": 0.16666666666666666,
      "29": 0.3333333333333333,
      "30": 0.25
    },
    {
      "0": 1.0,
      "1": 0.8888888888888888,
      "2": 0.5555555555555556,
      "3": 0.6666666666666666,
      "7": 0.4444444444444444,
      "12": 0.2222222222222222,
      "13": 0.4444444444444444,
      "17": 0.2222222222222222,
      "19": 0.2222222222222222,
      "21": 0.2222222222222222,
      "11": 1.0,
      "4": 0.5,
      "5": 0.75,
      "6": 0.75,
      "10": 0.5,
      "16": 0.5,
      "24": 0.75,
      "25": 0.5,
      "27": 0.25,
      "28": 0.25,
      "31": 0.75,
      "32": 0.8333333333333333,
      "33": 1.0,
      "8": 0.25,
      "9": 0.08333333333333333,
      "14": 0.16666666666666666,
      "15": 0.16666666666666666,
      "18": 0.16666666666666666,
      "20": 0.16666666666666666,
      "22": 0.16666666666666666,
      "23": 0.25,
      "26": 0.16666666666666666,
      "29": 0.3333333333333333,
      "30": 0.25
    }
  ],
  "betweenness": [
    {
      "0": 0.43763528138528146,
      "1": 0.053936688311688304,
      "2": 0.14365680615680618,
      "3": 0.011909271284271283,
      "4": 0.0006313131313131313,
      "5": 0.02998737373737374,
      "6": 0.029987373737373736,
      "7": 0.0,
      "8": 0.05592682780182781,
      "9": 0.0008477633477633478,
      "10": 0.0006313131313131313,
      "11": 0.0,
      "12": 0.0,
      "13": 0.04586339586339586,
      "14": 0.0,
      "15": 0.0,
      "16": 0.0,
      "17": 0.0,
      "18": 0.0,
      "19": 0.03247504810004811,
      "20": 0.0,
      "21": 0.0,
      "22": 0.0,
      "23": 0.017613636363636363,
      "24": 0.0022095959595959595,
      "25": 0.0038404882154882154,
      "26": 0.0,
      "27": 0.02233345358345358,
      "28": 0.0017947330447330447,
      "29": 0.0029220779220779218,
      "30": 0.014411976911976909,
      "31": 0.13827561327561325,
      "32": 0.145247113997114,
      "33": 0.30407497594997596
    },
    {
      "0": 0.6896825396825397,
      "1": 0.07380952380952381,
      "2": 0.002380952380952381,
      "3": 0.02142857142857143,
      "4": 0.0031746031746031746,
      "5": 0.06507936507936508,
      "6": 0.06507936507936508,
      "7": 0.0,
      "10": 0.0031746031746031746,
      "11": 0.0,
      "12": 0.0,
      "13": 0.0,
      "16": 0.0,
      "17": 0.0,
      "19": 0.0,
      "21": 0.0,
      "8": 0.0,
      "9": 0.0,
      "14": 0.0,
      "15": 0.0,
      "18": 0.0,
      "20": 0.0,
      "22": 0.0,
      "23": 0.06299019607843137,
      "24": 0.007352941176470588,
      "25": 0.0075980392156862735,
      "26": 0.0,
      "27": 0.03480392156862746,
      "28": 0.0,
      "29": 0.00980392156862745,
      "30": 0.0,
      "31": 0.11323529411764705,
      "32": 0.20122549019607844,
      "33": 0.5703431372549019
    },
    {
      "0": 0.35416666666666663,
      "1": 0.21527777777777776,
      "2": 0.006944444444444444,
      "3": 0.0625,
      "7": 0.0,
      "12": 0.0,
      "13": 0.0,
      "17": 0.0,
      "19": 0.0,
      "21": 0.0,
      "4": 0.05,
      "5": 0.15000000000000002,
      "6": 0.15000000000000002,
      "10": 0.05,
      "11": 0.0,
      "16": 0.0,
      "8": 0.0,
      "9": 0.0,
      "14": 0.0,
      "15": 0.0,
      "18": 0.0,
      "20": 0.0,
      "22": 0.0,
      "23": 0.06299019607843137,
      "24": 0.007352941176470588,
      "25": 0.0075980392156862735,
      "26": 0.0,
      "27": 0.03480392156862746,
      "28": 0.0,
      "29": 0.00980392156862745,
      "30": 0.0,
      "31": 0.11323529411764705,
      "32": 0.20122549019607844,
      "33": 0.5703431372549019
    },
    {
      "0": 0.35416666666666663,
      "1": 0.21527777777777776,
      "2": 0.006944444444444444,
      "3": 0.0625,
      "7": 0.0,
      "12": 0.0,
      "13": 0.0,
      "17": 0.0,
      "19": 0.0,
      "21": 0.0,
      "4": 0.05,
      "5": 0.15000000000000002,
      "6": 0.15000000000000002,
      "10": 0.05,
      "11": 0.0,
      "16": 0.0,
      "24": 0.5,
      "25": 0.0,